row,title
3,Beef and Broccoli
4,Frittata Florentine
5,Korean Beef Bowl
6,Pan-Seared Red Snapper
7,Beef Stroganoff
8,Japanese Chicken Soba Bowl
9,Turkey Bolognese with Whole-Wheat Pasta
10,Miso-Ginger Salmon with Soba
11,Mediterranean Shrimp & Farro Bowl
12,Chicken Burrito Bowl Meal Prep
13,Turmeric Chicken & Avocado Wraps
14,Chicken Fried Rice
15,Coconut Shrimp with Taro Leaves
16,Lentils with Chicken and Yogurt Sauce
17,Quinoa Pongal
18,Lemon Herb Chicken & Quinoa Power Bowls
19,"Teriyaki Chicken, Jasmine Rice & Stir-Fry Vegetables"
20,Bengali Chicken Curry with Potatoes
21,Moong Dal Chilla Wrap with Paneer Filling
22,Chana Dal Dosa
23,Orange Chicken
24,Tomato and Egg Stir-Fry
25,Buddha's Delight
26,Sweet and Sour Pork
27,Taiwanese-Style Three Cup Chicken
28,Beijing-Style Zhajiangmian
29,Cantonese Claypot Rice
30,Garlic-Ginger Chicken & Vegetable Stir-Fry
31,General Tso's Chicken with Broccoli
32,Taiwanese Braised Pork Rice (Lu Rou Fan)
33,Healthy Chicken Burrito Bowl
34,Sriracha Tofu Rice Bowls
35,Teriyaki Tofu Meal Prep
36,Broccoli Fried Rice with Turmeric-Tahini Sauce
37,One-Pan Gnocchi in Tomato Sauce
38,TVP Taco Bowls
39,Korean TVP 'Bulgogi' Bowls
40,One-Pan Soy-Glazed Tofu & Veggie Bowls
41,Broccoli TVP Fried Rice
42,One-Pot Gnocchi + TVP Bolognese
