sheet_row,user,scenario,method,shop_min,prep_min,price_usd,tastiness,nutrition,diet_violation,decide_min
3,koala,Asian,google,55.0,26.0,38.87,3.5,-1.0,0.0,4.8
8,koala,Asian,deepseek,55.0,35.0,50.22,3.5,-2.0,0.0,1.9
4,koala,Italian,google,40.0,30.0,22.67,4.0,1.0,0.0,1.633
9,koala,Italian,deepseek,45.0,50.0,22.99,3.0,-4.0,0.0,2.517
5,koala,Green onion and ginger,google,45.0,20.0,40.97,4.0,-1.0,0.0,5.033
10,koala,Green onion and ginger,deepseek,60.0,30.0,51.01,4.0,-1.0,0.0,2.333
6,koala,Fish,google,45.0,30.0,54.98,3.0,-1.0,0.0,3.567
11,koala,Fish,deepseek,55.0,40.0,43.82,3.5,-2.0,0.0,1.517
7,koala,Tasty and filling,google,45.0,45.0,39.83,4.0,1.0,0.0,1.383
12,koala,Tasty and filling,deepseek,50.0,50.0,36.28,3.0,-5.0,0.0,1.9
13,lion,"American, no beef",google,55.0,30.0,35.0,4.0,-1.0,0.0,5.333
18,lion,"American, no beef",deepseek,30.0,35.0,24.0,2.0,-4.0,0.0,2.133
14,lion,Body building,google,45.0,40.0,25.0,1.0,-3.0,1.0,3.1
19,lion,Body building,deepseek,45.0,40.0,30.0,4.0,-4.0,0.0,1.783
15,lion,"Bengali, healthy",google,75.0,50.0,36.0,4.5,4.0,0.0,2.667
20,lion,"Bengali, healthy",deepseek,60.0,60.0,42.0,4.0,-3.0,0.0,1.883
16,lion,"North Indian, high protein",google,45.0,20.0,32.0,3.0,-2.0,0.0,3.133
21,lion,"North Indian, high protein",deepseek,60.0,45.0,23.0,2.0,-5.0,0.0,1.667
17,lion,"South Indian, high protein",google,70.0,25.0,33.0,3.5,-3.0,0.0,3.517
22,lion,"South Indian, high protein",deepseek,60.0,35.0,15.0,3.0,-10.0,0.0,1.45
23,kangaroo,Northern Chinese,google,40.0,52.5,52.0,1.5,4.0,0.0,2.667
28,kangaroo,Northern Chinese,deepseek,16.5,30.0,37.0,3.0,0.0,0.0,1.083
24,kangaroo,Southeast Chinese,google,27.5,17.5,34.5,3.0,-1.0,0.0,3.05
29,kangaroo,Southeast Chinese,deepseek,17.5,37.5,50.0,3.5,5.0,0.0,0.95
25,kangaroo,"Chinese, more vegetables",google,22.5,67.5,50.5,1.0,-1.0,0.0,3.533
30,kangaroo,"Chinese, more vegetables",deepseek,27.5,27.5,66.5,2.0,-3.0,0.0,1.483
26,kangaroo,"U.S.-style Chinese, tasty",google,22.5,72.5,47.0,2.0,2.0,0.0,1.533
31,kangaroo,"U.S.-style Chinese, tasty",deepseek,35.0,40.0,63.0,3.0,0.0,0.0,1.033
27,kangaroo,Taiwanese,google,22.5,45.0,43.0,3.5,4.0,0.0,2.517
32,kangaroo,Taiwanese,deepseek,27.5,42.5,55.5,3.5,4.0,0.0,1.033
33,hamster,"Mexican, high protein",google,65.0,45.0,25.86,4.0,-2.0,0.0,3.317
38,hamster,"Mexican, high protein",deepseek,70.0,40.0,24.66,4.0,-3.0,0.0,0.883
34,hamster,"Korean vegetarian, kimchi",google,75.0,40.0,51.12,4.0,1.0,0.0,2.817
39,hamster,"Korean vegetarian, kimchi",deepseek,85.0,70.0,51.0,4.0,-1.0,0.0,0.817
35,hamster,Tofu and soy sauce,google,65.0,60.0,27.29,5.0,5.0,0.0,1.833
40,hamster,Tofu and soy sauce,deepseek,70.0,45.0,31.04,4.5,0.0,0.0,0.967
36,hamster,Broccoli-based vegetarian,google,70.0,35.0,34.75,3.0,0.0,0.0,2.1
41,hamster,Broccoli-based vegetarian,deepseek,70.0,35.0,31.23,3.0,-2.0,0.0,1.583
37,hamster,Gnocchi,google,65.0,30.0,27.62,3.0,2.0,0.0,1.933
42,hamster,Gnocchi,deepseek,60.0,30.0,21.91,4.0,-2.0,0.0,1.167
